{
	"id": "1c0ffb3f-7b68-4c1c-afb5-ee18fbd0dec4",
	"name": "Trello Postman Board",
	"values": [
		{
			"key": "Trellourl",
			"value": "https://api.trello.com",
			"enabled": true
		},
		{
			"key": "trellokey",
			"value": "07df94e8c6460a268cd74b90aad147a0",
			"enabled": true
		},
		{
			"key": "trellotoken",
			"value": "a455ced7d68d5fadf048375aea9f20779a939e1d06f5e86e5c94755ae08bc211",
			"enabled": true
		},
		{
			"key": "boardusername",
			"value": "kashanmalik",
			"enabled": true
		},
		{
			"key": "boardname",
			"value": "Trello Tasks",
			"enabled": true
		},
		{
			"key": "todolistname",
			"value": "To do Trello Postman Tasks",
			"enabled": true
		},
		{
			"key": "boardid",
			"value": "PijxBFrX",
			"enabled": true
		},
		{
			"key": "trelloboardid",
			"value": "",
			"enabled": true
		},
		{
			"key": "card1",
			"value": "My first card",
			"enabled": true
		},
		{
			"key": "listidvalue",
			"value": "",
			"enabled": true
		},
		{
			"key": "cardid",
			"value": "",
			"enabled": true
		},
		{
			"key": "donelistname",
			"value": "Completed Postman tasks",
			"enabled": true
		},
		{
			"key": "list_done_idvalue",
			"value": "",
			"enabled": true
		},
		{
			"key": "Done_card_id",
			"value": "",
			"enabled": true
		},
		{
			"key": "Trelloboardid",
			"value": "",
			"enabled": true
		}
	],
	"_postman_variable_scope": "environment",
	"_postman_exported_at": "2021-04-27T10:56:41.435Z",
	"_postman_exported_using": "Postman/8.2.3"
}