{
	"info": {
		"_postman_id": "248268d7-141b-4a37-8cd0-5a884805b363",
		"name": "Trello Board Tasks",
		"schema": "https://schema.getpostman.com/json/collection/v2.1.0/collection.json"
	},
	"item": [
		{
			"name": "Common Test Scripts",
			"item": [
				{
					"name": "Get Postman Task Board",
					"event": [
						{
							"listen": "test",
							"script": {
								"exec": [
									"\r",
									"pm.environment.set(\"trelloboardid\",pm.response.json().id);\r",
									"var id=pm.response.json().id;\r",
									"console.log(id);"
								],
								"type": "text/javascript"
							}
						}
					],
					"request": {
						"method": "GET",
						"header": [],
						"url": {
							"raw": "https://api.trello.com/1/boards/PijxBFrX",
							"protocol": "https",
							"host": [
								"api",
								"trello",
								"com"
							],
							"path": [
								"1",
								"boards",
								"PijxBFrX"
							]
						}
					},
					"response": []
				},
				{
					"name": "Create Todo List on board",
					"event": [
						{
							"listen": "test",
							"script": {
								"exec": [
									"var id=pm.response.json().id;\r",
									"console.log(id);\r",
									"pm.environment.set(\"listidvalue\", id);\r",
									"\r",
									"pm.test(\"Name to equal Todo Trello Postman Tasks\",function(){\r",
									"const data=pm.response.json();\r",
									"console.log(data);\r",
									"pm.expect(data.name).to.eql(pm.environment.get(\"todolistname\"))\r",
									"});\r",
									"\r",
									"pm.test(\"Id of Todo list is same\",function(){\r",
									"    const data=pm.response.json();\r",
									"    pm.expect(data.id).to.eql(pm.environment.get(\"listidvalue\"))\r",
									"});\r",
									"pm.test(\"Status not to be closed\",function(){\r",
									"    const data=pm.response.json();\r",
									"    pm.expect(data.closed).to.eql(false)\r",
									"});\r",
									"\r",
									""
								],
								"type": "text/javascript"
							}
						}
					],
					"request": {
						"method": "POST",
						"header": [],
						"url": {
							"raw": "{{Trellourl}}/1/lists?name={{todolistname}}&idBoard={{trelloboardid}}",
							"host": [
								"{{Trellourl}}"
							],
							"path": [
								"1",
								"lists"
							],
							"query": [
								{
									"key": "name",
									"value": "{{todolistname}}"
								},
								{
									"key": "idBoard",
									"value": "{{trelloboardid}}"
								}
							]
						}
					},
					"response": []
				},
				{
					"name": "Create Done List on board",
					"event": [
						{
							"listen": "test",
							"script": {
								"exec": [
									"var id=pm.response.json().id;\r",
									"console.log(id);\r",
									"pm.environment.set(\"list_done_idvalue\", id);\r",
									"\r",
									"pm.test(\"Name to equal Completed Trello Postman Tasks\",function(){\r",
									"const data=pm.response.json();\r",
									"console.log(data);\r",
									"pm.expect(data.name).to.eql(pm.environment.get(\"donelistname\"))\r",
									"});\r",
									"\r",
									"pm.test(\"Id of Done list is same\",function(){\r",
									"    const data=pm.response.json();\r",
									"    pm.expect(data.id).to.eql(pm.environment.get(\"list_done_idvalue\"))\r",
									"});\r",
									"pm.test(\"Status not to be closed\",function(){\r",
									"    const data=pm.response.json();\r",
									"    pm.expect(data.closed).to.eql(false)\r",
									"});"
								],
								"type": "text/javascript"
							}
						}
					],
					"request": {
						"method": "POST",
						"header": [],
						"url": {
							"raw": "{{Trellourl}}/1/lists?name={{donelistname}}&idBoard={{trelloboardid}}",
							"host": [
								"{{Trellourl}}"
							],
							"path": [
								"1",
								"lists"
							],
							"query": [
								{
									"key": "name",
									"value": "{{donelistname}}"
								},
								{
									"key": "idBoard",
									"value": "{{trelloboardid}}"
								}
							]
						}
					},
					"response": []
				},
				{
					"name": "Create card in Todo list",
					"event": [
						{
							"listen": "test",
							"script": {
								"exec": [
									"var id=pm.response.json().id;\r",
									"console.log(id);\r",
									"pm.environment.set(\"cardid\", id);\r",
									"\r",
									"pm.test(\"Name to equal My first card\",function(){\r",
									"const data=pm.response.json();\r",
									"pm.expect(data.name).to.eql(pm.environment.get(\"card1\"))\r",
									"});\r",
									"\r",
									"pm.test(\"Id of card is same\",function(){\r",
									"const data=pm.response.json();\r",
									"pm.expect(data.id).to.eql(pm.environment.get(\"cardid\"))\r",
									"});\r",
									"\r",
									"pm.test(\"Card is created on correct list\",function(){\r",
									"const data=pm.response.json();\r",
									"console.log(data);\r",
									"pm.expect(data.idList).to.eql(pm.environment.get(\"listidvalue\"))\r",
									"});\r",
									"\r",
									"pm.test(\"Card is created on correct Board\",function(){\r",
									"const data=pm.response.json();\r",
									"pm.expect(data.idBoard).to.eql(pm.environment.get(\"trelloboardid\"))\r",
									"});\r",
									"\r",
									""
								],
								"type": "text/javascript"
							}
						}
					],
					"request": {
						"method": "POST",
						"header": [],
						"url": {
							"raw": "{{Trellourl}}/1/lists/{{listidvalue}}/cards?name={{card1}}",
							"host": [
								"{{Trellourl}}"
							],
							"path": [
								"1",
								"lists",
								"{{listidvalue}}",
								"cards"
							],
							"query": [
								{
									"key": "name",
									"value": "{{card1}}"
								}
							]
						}
					},
					"response": []
				},
				{
					"name": "Moving Card in Lists",
					"event": [
						{
							"listen": "test",
							"script": {
								"exec": [
									"var id=pm.response.json().id;\r",
									"console.log(id);\r",
									"pm.environment.set(\"Done_card_id\", id);\r",
									"\r",
									"pm.test(\"Name to equal My first card\",function(){\r",
									"const data=pm.response.json();\r",
									"pm.expect(data.name).to.eql(pm.environment.get(\"card1\"))\r",
									"});\r",
									"\r",
									"pm.test(\"Id of card is same\",function(){\r",
									"const data=pm.response.json();\r",
									"pm.expect(data.id).to.eql(pm.environment.get(\"cardid\"))\r",
									"});\r",
									"\r",
									"pm.test(\"Card is move on to Done list\",function(){\r",
									"const data=pm.response.json();\r",
									"console.log(data);\r",
									"pm.expect(data.idList).to.eql(pm.environment.get(\"list_done_idvalue\"))\r",
									"});\r",
									"\r",
									"pm.test(\"Card is created on correct Board\",function(){\r",
									"const data=pm.response.json();\r",
									"pm.expect(data.idBoard).to.eql(pm.environment.get(\"trelloboardid\"))\r",
									"});"
								],
								"type": "text/javascript"
							}
						}
					],
					"request": {
						"method": "PUT",
						"header": [],
						"url": {
							"raw": "{{Trellourl}}/1/cards/{{cardid}}/?idList={{list_done_idvalue}}",
							"host": [
								"{{Trellourl}}"
							],
							"path": [
								"1",
								"cards",
								"{{cardid}}",
								""
							],
							"query": [
								{
									"key": "idList",
									"value": "{{list_done_idvalue}}"
								}
							]
						}
					},
					"response": []
				},
				{
					"name": "Delete card from list",
					"event": [
						{
							"listen": "test",
							"script": {
								"exec": [
									""
								],
								"type": "text/javascript"
							}
						}
					],
					"request": {
						"method": "DELETE",
						"header": [],
						"url": {
							"raw": "{{Trellourl}}/1/cards/{{Done_card_id}}",
							"host": [
								"{{Trellourl}}"
							],
							"path": [
								"1",
								"cards",
								"{{Done_card_id}}"
							]
						}
					},
					"response": []
				}
			],
			"auth": {
				"type": "oauth1",
				"oauth1": [
					{
						"key": "token",
						"value": "a455ced7d68d5fadf048375aea9f20779a939e1d06f5e86e5c94755ae08bc211",
						"type": "string"
					},
					{
						"key": "consumerSecret",
						"value": "45748a75b60de7044d939f8db49527c0a761eb3e8147c1f0836f39d4c191d067",
						"type": "string"
					},
					{
						"key": "tokenSecret",
						"value": "45748a75b60de7044d939f8db49527c0a761eb3e8147c1f0836f39d4c191d067",
						"type": "string"
					},
					{
						"key": "consumerKey",
						"value": "07df94e8c6460a268cd74b90aad147a0",
						"type": "string"
					},
					{
						"key": "signatureMethod",
						"value": "HMAC-SHA1",
						"type": "string"
					},
					{
						"key": "version",
						"value": "1.0",
						"type": "string"
					},
					{
						"key": "addParamsToHeader",
						"value": false,
						"type": "boolean"
					},
					{
						"key": "addEmptyParamsToSign",
						"value": false,
						"type": "boolean"
					}
				]
			},
			"event": [
				{
					"listen": "prerequest",
					"script": {
						"type": "text/javascript",
						"exec": [
							"pm.collectionVariables.set(\"collectionname\",\"Trello Board Tasks\");"
						]
					}
				},
				{
					"listen": "test",
					"script": {
						"type": "text/javascript",
						"exec": [
							"pm.test(\"Status code is 200\", function () {",
							"    pm.response.to.have.status(200);",
							"});",
							"",
							"pm.test(\"Status code name has string\", () => {",
							"  pm.response.to.have.status(\"OK\");",
							"});",
							"",
							"pm.test(\"Check the active environment\", () => {",
							"  pm.expect(pm.environment.name).to.eql(\"Trello Postman Board\");",
							"});",
							"",
							"pm.test(\"Check the collection\", () => {",
							"  pm.expect(pm.collectionVariables.get(\"collectionname\")).to.eql(\"Trello Board Tasks\");",
							"});",
							"",
							"pm.test(\"Content-Type header is present\", () => {",
							"  pm.response.to.have.header(\"Content-Type\");",
							"});"
						]
					}
				}
			]
		}
	],
	"variable": [
		{
			"key": "collectionname",
			"value": ""
		}
	]
}